{"frames": {

"image 329.bmp":
{
	"frame": {"x":1,"y":1,"w":160,"h":100},
	"rotated": false,
	"trimmed": false,
	"spriteSourceSize": {"x":0,"y":0,"w":160,"h":100},
	"sourceSize": {"w":160,"h":100}
},
"image 331.bmp":
{
	"frame": {"x":163,"y":1,"w":160,"h":100},
	"rotated": false,
	"trimmed": false,
	"spriteSourceSize": {"x":0,"y":0,"w":160,"h":100},
	"sourceSize": {"w":160,"h":100}
},
"image 333.bmp":
{
	"frame": {"x":325,"y":1,"w":160,"h":100},
	"rotated": false,
	"trimmed": false,
	"spriteSourceSize": {"x":0,"y":0,"w":160,"h":100},
	"sourceSize": {"w":160,"h":100}
},
"image 335.bmp":
{
	"frame": {"x":487,"y":1,"w":160,"h":100},
	"rotated": false,
	"trimmed": false,
	"spriteSourceSize": {"x":0,"y":0,"w":160,"h":100},
	"sourceSize": {"w":160,"h":100}
},
"image 337.bmp":
{
	"frame": {"x":649,"y":1,"w":160,"h":100},
	"rotated": false,
	"trimmed": false,
	"spriteSourceSize": {"x":0,"y":0,"w":160,"h":100},
	"sourceSize": {"w":160,"h":100}
},
"image 339.bmp":
{
	"frame": {"x":811,"y":1,"w":160,"h":100},
	"rotated": false,
	"trimmed": false,
	"spriteSourceSize": {"x":0,"y":0,"w":160,"h":100},
	"sourceSize": {"w":160,"h":100}
},
"image 341.bmp":
{
	"frame": {"x":973,"y":1,"w":160,"h":100},
	"rotated": false,
	"trimmed": false,
	"spriteSourceSize": {"x":0,"y":0,"w":160,"h":100},
	"sourceSize": {"w":160,"h":100}
},
"image 343.bmp":
{
	"frame": {"x":1135,"y":1,"w":160,"h":100},
	"rotated": false,
	"trimmed": false,
	"spriteSourceSize": {"x":0,"y":0,"w":160,"h":100},
	"sourceSize": {"w":160,"h":100}
},
"image 345.bmp":
{
	"frame": {"x":1297,"y":1,"w":160,"h":100},
	"rotated": false,
	"trimmed": false,
	"spriteSourceSize": {"x":0,"y":0,"w":160,"h":100},
	"sourceSize": {"w":160,"h":100}
},
"image 347.bmp":
{
	"frame": {"x":1459,"y":1,"w":160,"h":100},
	"rotated": false,
	"trimmed": false,
	"spriteSourceSize": {"x":0,"y":0,"w":160,"h":100},
	"sourceSize": {"w":160,"h":100}
},
"image 349.bmp":
{
	"frame": {"x":1621,"y":1,"w":160,"h":100},
	"rotated": false,
	"trimmed": false,
	"spriteSourceSize": {"x":0,"y":0,"w":160,"h":100},
	"sourceSize": {"w":160,"h":100}
},
"image 351.bmp":
{
	"frame": {"x":1783,"y":1,"w":160,"h":100},
	"rotated": false,
	"trimmed": false,
	"spriteSourceSize": {"x":0,"y":0,"w":160,"h":100},
	"sourceSize": {"w":160,"h":100}
}},
"meta": {
	"app": "http://www.codeandweb.com/texturepacker",
	"version": "1.0",
	"image": "ARRADeath.png",
	"format": "RGBA8888",
	"size": {"w":1944,"h":102},
	"scale": "1",
	"smartupdate": "$TexturePacker:SmartUpdate:cea3908119b8451e2bbb0ca6240e9091:b7eaffdc3d6c1a52e51a79dbe915a014:0c28abd8159b75357ae77bc2f1dbf747$"
}
}
