{"frames": {
"buttons-out.jpg": {
	"frame": {"x":225,"y":1,"w":113,"h":90},
	"rotated": false,
	"trimmed": false,
	"spriteSourceSize": {"x":0,"y":0,"w":170,"h":90},
	"sourceSize": {"w":170,"h":90}
},
"buttons-over.jpg": {
	"frame": {"x":105,"y":1,"w":113,"h":90},
	"rotated": false,
	"trimmed": false,
	"spriteSourceSize": {"x":0,"y":0,"w":170,"h":90},
	"sourceSize": {"w":170,"h":90}
},
"buttons-down.jpg": {
	"frame": {"x":1,"y":1,"w":100,"h":90},
	"rotated": false,
	"trimmed": false,
	"spriteSourceSize": {"x":0,"y":0,"w":170,"h":90},
	"sourceSize": {"w":170,"h":90}
}

},
"meta": {
	"app": "http://www.codeandweb.com/texturepacker",
	"version": "1.0",
	"image": "RightArrow-Phaser.png",
	"format": "RGBA8888",
	"size": {"w":340,"h":90},
	"scale": "1",
	"smartupdate": "$TexturePacker:SmartUpdate:59af0f73af66e7cb94dbac8e01f7870e:501d4c8a1c8ebfcb79bbfc1b78d57a14:4ca20c49842eb6c42e611a1cda48d5ce$"
}
}