{"frames": {
"buttons-out.jpg":
{
	"frame": {"x":130,"y":1,"w":127,"h":28},
	"rotated": false,
	"trimmed": false,
	"spriteSourceSize": {"x":0,"y":0,"w":127,"h":28},
	"sourceSize": {"w":127,"h":28}
},
"buttons-over.jpg":
{
	"frame": {"x":259,"y":1,"w":127,"h":28},
	"rotated": false,
	"trimmed": false,
	"spriteSourceSize": {"x":0,"y":0,"w":127,"h":28},
	"sourceSize": {"w":127,"h":28}
}
"buttons-down.jpg":
{
	"frame": {"x":1,"y":1,"w":127,"h":28},
	"rotated": false,
	"trimmed": false,
	"spriteSourceSize": {"x":0,"y":0,"w":127,"h":28},
	"sourceSize": {"w":127,"h":28}
}

},
"meta": {
	"app": "http://www.codeandweb.com/texturepacker",
	"version": "1.0",
	"image": "mmm-sprites.png",
	"format": "RGBA8888",
	"size": {"w":387,"h":30},
	"scale": "1",
	"smartupdate": "$TexturePacker:SmartUpdate:59af0f73af66e7cb94dbac8e01f7870e:501d4c8a1c8ebfcb79bbfc1b78d57a14:4ca20c49842eb6c42e611a1cda48d5ce$"
}
}