{"frames": {

"City.gif":
{
	"frame": {"x":1,"y":1,"w":33,"h":33},
	"rotated": false,
	"trimmed": false,
	"spriteSourceSize": {"x":0,"y":0,"w":33,"h":33},
	"sourceSize": {"w":33,"h":33}
},
"Lair.gif":
{
	"frame": {"x":36,"y":1,"w":33,"h":33},
	"rotated": false,
	"trimmed": false,
	"spriteSourceSize": {"x":0,"y":0,"w":33,"h":33},
	"sourceSize": {"w":33,"h":33}
},
"Shrinev1.gif":
{
	"frame": {"x":71,"y":1,"w":33,"h":33},
	"rotated": false,
	"trimmed": false,
	"spriteSourceSize": {"x":0,"y":0,"w":33,"h":33},
	"sourceSize": {"w":33,"h":33}
},
"Shrinev2.gif":
{
	"frame": {"x":106,"y":1,"w":33,"h":33},
	"rotated": false,
	"trimmed": false,
	"spriteSourceSize": {"x":0,"y":0,"w":33,"h":33},
	"sourceSize": {"w":33,"h":33}
},
"Shrinev3.gif":
{
	"frame": {"x":141,"y":1,"w":33,"h":33},
	"rotated": false,
	"trimmed": false,
	"spriteSourceSize": {"x":0,"y":0,"w":33,"h":33},
	"sourceSize": {"w":33,"h":33}
},
"Town.gif":
{
	"frame": {"x":176,"y":1,"w":33,"h":33},
	"rotated": false,
	"trimmed": false,
	"spriteSourceSize": {"x":0,"y":0,"w":33,"h":33},
	"sourceSize": {"w":33,"h":33}
}},
"meta": {
	"app": "http://www.codeandweb.com/texturepacker",
	"version": "1.0",
	"image": "settlements.png",
	"format": "RGBA8888",
	"size": {"w":210,"h":35},
	"scale": "1",
	"smartupdate": "$TexturePacker:SmartUpdate:14af6bc55a22d17e51fef99625bb5d6f:7e540bd99000475a3f856fed96d25538:b63794b94f0cdb85c3c30afa8e8584ae$"
}
}
