{"frames": {

"deserts.jpg":
{
	"frame": {"x":1,"y":1,"w":96,"h":96},
	"rotated": false,
	"trimmed": false,
	"spriteSourceSize": {"x":0,"y":0,"w":96,"h":96},
	"sourceSize": {"w":96,"h":96}
},
"forests.jpg":
{
	"frame": {"x":99,"y":1,"w":96,"h":96},
	"rotated": false,
	"trimmed": false,
	"spriteSourceSize": {"x":0,"y":0,"w":96,"h":96},
	"sourceSize": {"w":96,"h":96}
},
"highlands.jpg":
{
	"frame": {"x":197,"y":1,"w":96,"h":96},
	"rotated": false,
	"trimmed": false,
	"spriteSourceSize": {"x":0,"y":0,"w":96,"h":96},
	"sourceSize": {"w":96,"h":96}
},
"hills.jpg":
{
	"frame": {"x":295,"y":1,"w":96,"h":96},
	"rotated": false,
	"trimmed": false,
	"spriteSourceSize": {"x":0,"y":0,"w":96,"h":96},
	"sourceSize": {"w":96,"h":96}
},
"lowlands.jpg":
{
	"frame": {"x":393,"y":1,"w":96,"h":96},
	"rotated": false,
	"trimmed": false,
	"spriteSourceSize": {"x":0,"y":0,"w":96,"h":96},
	"sourceSize": {"w":96,"h":96}
},
"mountains.jpg":
{
	"frame": {"x":491,"y":1,"w":96,"h":96},
	"rotated": false,
	"trimmed": false,
	"spriteSourceSize": {"x":0,"y":0,"w":96,"h":96},
	"sourceSize": {"w":96,"h":96}
},
"mountains2.jpg":
{
	"frame": {"x":589,"y":1,"w":96,"h":96},
	"rotated": false,
	"trimmed": false,
	"spriteSourceSize": {"x":0,"y":0,"w":96,"h":96},
	"sourceSize": {"w":96,"h":96}
},
"swamps.jpg":
{
	"frame": {"x":687,"y":1,"w":96,"h":96},
	"rotated": false,
	"trimmed": false,
	"spriteSourceSize": {"x":0,"y":0,"w":96,"h":96},
	"sourceSize": {"w":96,"h":96}
}},
"meta": {
	"app": "http://www.codeandweb.com/texturepacker",
	"version": "1.0",
	"image": "gameMap.jpg",
	"format": "RGB888",
	"size": {"w":784,"h":98},
	"scale": "1",
	"smartupdate": "$TexturePacker:SmartUpdate:bbfba7d0468b5f2a9aa774fc3dff8935:c158c478e930a42f1411d855ac88b75a:4bd96289f54df896b7fdcdcc7c86fe59$"
}
}
